chunk_type,chunk_size,k,manually_edited_false_answer_relevancy,manually_edited_false_faithfulness,manually_edited_false_context_recall,manually_edited_false_context_precision,manually_edited_false_answer_correctness,manually_edited_false_EM,manually_edited_false_F1,manually_edited_false_avg_retrieve_context,manually_edited_false_avg_llm_response,manually_edited_false_avg_total,manually_edited_false_sample_size,manually_edited_true_answer_relevancy,manually_edited_true_faithfulness,manually_edited_true_context_recall,manually_edited_true_context_precision,manually_edited_true_answer_correctness,manually_edited_true_EM,manually_edited_true_F1,manually_edited_true_avg_retrieve_context,manually_edited_true_avg_llm_response,manually_edited_true_avg_total,manually_edited_true_sample_size,chunks_length_0_answer_relevancy,chunks_length_0_faithfulness,chunks_length_0_context_recall,chunks_length_0_context_precision,chunks_length_0_answer_correctness,chunks_length_0_EM,chunks_length_0_F1,chunks_length_0_avg_retrieve_context,chunks_length_0_avg_llm_response,chunks_length_0_avg_total,chunks_length_0_sample_size,chunks_length_1_answer_relevancy,chunks_length_1_faithfulness,chunks_length_1_context_recall,chunks_length_1_context_precision,chunks_length_1_answer_correctness,chunks_length_1_EM,chunks_length_1_F1,chunks_length_1_avg_retrieve_context,chunks_length_1_avg_llm_response,chunks_length_1_avg_total,chunks_length_1_sample_size,chunks_length_2_answer_relevancy,chunks_length_2_faithfulness,chunks_length_2_context_recall,chunks_length_2_context_precision,chunks_length_2_answer_correctness,chunks_length_2_EM,chunks_length_2_F1,chunks_length_2_avg_retrieve_context,chunks_length_2_avg_llm_response,chunks_length_2_avg_total,chunks_length_2_sample_size
words,50,15,0.7715677327572363,0.8468558601891936,0.9092592592592593,0.7149293670509868,0.591957396897676,0.0,0.4129403652993969,0.0590470552444458,1.6577005412843493,1.7167475965287944,90,0.5094970288046495,0.6799999999999999,0.8666666666666666,0.35479372477873056,0.6056509909728398,0.25,0.5199678246477765,0.05904705524444579,0.9657586336135864,1.0248056888580321,20,0.2599026462714128,0.6,0.9,0.0,0.7011547707524288,0.5,0.6777777777777778,0.05904705524444579,0.8957550048828125,0.9548020601272583,10,0.7737767564685826,0.8379422165136451,0.9102564102564104,0.7140897353393735,0.5838349358508375,0.0,0.4205442734205464,0.059047055244445805,1.5604834189781775,1.6195304742226226,91,0.7353694692099026,0.8404761904761906,0.8148148148148148,0.7174835126978264,0.583184296699683,0.0,0.2796314123170845,0.05904705524444579,1.949631134668986,2.008678189913432,9
sentences,10,5,0.7835602071268278,0.9021876271876272,0.8712962962962963,0.7828395061293794,0.6846133686355352,0.0,0.4601998255385191,0.08528189875862814,1.2517286194695367,1.337010518228165,90,0.2871027435827765,0.7166666666666666,0.8666666666666666,0.38527777775636574,0.7094614157305491,0.35,0.6189262667081834,0.08528189875862816,0.785781717300415,0.871063616059043,20,0.0,0.75,0.9,0.0,0.9390446527471793,0.7,0.9666666666666668,0.08528189875862816,0.7577327013015747,0.8430146000602029,10,0.7979779889214083,0.8920118343195268,0.8882783882783883,0.7692918192477407,0.678804149683666,0.0,0.4640006473014421,0.08528189875862816,1.1649164681906228,1.2501983669492511,91,0.4051640579135437,0.761904761904762,0.6574074074074073,0.9061728394696709,0.5158674825693063,0.0,0.21175378461472139,0.08528189875862816,1.6429427199893527,1.7282246187479813,9
sentences,50,2,0.7328887489185535,0.825016835016835,0.824074074074074,0.8999999999372222,0.6328081581805773,0.011111111111111112,0.42527979248534836,0.0538715275851163,1.35763738155365,1.411508909138766,90,0.37071512104689724,0.6797619047619048,0.85,0.449999999975,0.7291153771886811,0.2,0.6055380643415562,0.0538715275851163,0.8855037927627564,0.9393753203478727,20,0.08875325762129149,0.6,0.8,0.0,0.8718090052053856,0.4,0.8444444444444444,0.0538715275851163,0.7481145620346069,0.8019860896197233,10,0.7374264449485822,0.8264735264735265,0.8479853479853481,0.8901098900472527,0.6378366565726834,0.01098901098901099,0.4417766569462276,0.0538715275851163,1.2685976316640666,1.3224691592491826,91,0.5978834174526503,0.7375180375180376,0.6666666666666666,0.9999999999499999,0.530423997761948,0.0,0.1933135982179249,0.0538715275851163,1.8859900103674994,1.9398615379526154,9
paragraphs,1,15,0.7380609310668992,0.825383258716592,0.8787037037037038,0.6467028216179642,0.6893366961602756,0.011111111111111112,0.4474569058661247,0.09745036471973766,1.9470736900965373,2.044524054816275,90,0.46545533221655544,0.7541666666666667,0.8833333333333332,0.3236787980384655,0.6512003379456532,0.2,0.5605555573848803,0.09745036471973764,1.2792256116867065,1.3766759764064442,20,0.17252621152840525,0.65,0.8,0.0,0.7198733849684159,0.4,0.7555555555555555,0.09745036471973766,1.2104260206222535,1.307876385341991,10,0.752095716544826,0.8343664882126421,0.8974358974358974,0.6446758468976214,0.6936068191929892,0.01098901098901099,0.45507783787588024,0.09745036471973766,1.835140293771094,1.9325906584908321,91,0.618735346609869,0.7711640211640212,0.787037037037037,0.6679253154113933,0.5274838907879666,0.0,0.27939931926535155,0.09745036471973766,2.4132352670033774,2.5106856317231148,9
words,50,5,0.732291062342444,0.8439706589706588,0.8133333333333334,0.7970370369920665,0.5956775869315236,0.022222222222222223,0.4196192631841908,0.0707809730009599,1.4389624754587809,1.5097434484597412,90,0.3281989095426388,0.7372222222222222,0.8333333333333333,0.43611111108692124,0.7170388487509565,0.25,0.6315238463970905,0.0707809730009599,0.8736802458763122,0.9444612188772723,20,0.0,0.8,0.9,0.0,0.8509077545786322,0.5,0.9444444444444444,0.0707809730009599,0.752691125869751,0.8234720988707108,10,0.7260589603196115,0.835376528233671,0.8278388278388279,0.7879120878668254,0.5926174460993497,0.02197802197802198,0.42553752117117094,0.0707809730009599,1.3731642372005588,1.4439452102015187,91,0.7109787125097861,0.7425044091710759,0.6148148148148148,0.9728395061270319,0.612721628669902,0.0,0.2475390826108873,0.07078097300095991,1.6105967627631292,1.6813777357640893,9
words,500,2,0.7113943282997239,0.8172222222222222,0.8425925925925927,0.8944444443772224,0.6296956771147407,0.022222222222222223,0.44195788444163964,0.06330854675986551,1.156346779399448,1.2196553261593133,90,0.37351076612299444,0.6375,0.8833333333333332,0.44999999997,0.7071132952968314,0.4,0.6125298271709083,0.0633085467598655,0.922256875038147,0.9855654217980128,20,0.08875325762129149,0.6,0.9,0.0,0.8505825499486679,0.8,0.888888888888889,0.0633085467598655,0.8498443841934205,0.9131529309532859,10,0.726418145264193,0.8145211930926216,0.880952380952381,0.8956043955368133,0.646177038276152,0.02197802197802198,0.4545883535919686,0.0633085467598655,1.1068290851928375,1.170137631952703,91,0.5004578971311725,0.6865079365079365,0.48148148148148145,0.8888888888333333,0.38966009596075407,0.0,0.19670856415641078,0.0633085467598655,1.4773841169145372,1.5406926636744027,9
sentences,10,20,0.7737630019323842,0.8466982091982093,0.9611111111111111,0.7527677734571087,0.6747766703674507,0.0,0.46489659434007574,0.1346497145566073,1.926663327217102,2.06131304177371,90,0.3661460402761957,0.7402380952380951,0.8833333333333332,0.37897671140197053,0.7261415985874823,0.2,0.5889026908639405,0.1346497145566073,1.5303250908851624,1.66497480544177,20,0.08156930112385145,0.75,0.8,0.0,0.8538451901484885,0.4,0.8444444444444444,0.1346497145566073,1.1986079931259155,1.3332577076825227,10,0.7861376952325421,0.8352483596989092,0.9615384615384616,0.7482769451419828,0.6838461867846913,0.0,0.4697316075624714,0.1346497145566073,1.8979262231470464,2.0325759377036543,91,0.5119297446709605,0.8333333333333334,0.9629629629629629,0.803936870139862,0.49825304510315616,0.0,0.26985850836180847,0.13464971455660732,2.145426114400228,2.2800758289568352,9
pages,1,5,0.7948786277196174,0.8783068783068781,0.8851851851851852,0.82503086415603,0.7165117754602406,0.022222222222222223,0.4842375375751548,0.10233633518218999,2.167117479112413,2.2694538142946037,90,0.3291892481640221,0.7416666666666666,0.9333333333333332,0.45416666664177774,0.6855185432158754,0.25,0.574834843413877,0.10233633518218994,1.614395308494568,1.7167316436767575,20,0.09226074069646863,0.75,0.9,0.0,0.8416746714054202,0.5,0.8555555555555555,0.10233633518218994,0.8727534294128418,0.9750897645950317,10,0.8171021157758154,0.8796441653584511,0.9157509157509158,0.8269536019095504,0.7236741908084452,0.02197802197802198,0.49505833036522895,0.10233633518218999,2.18896524984758,2.2913015850297707,91,0.31599572394245967,0.7037037037037037,0.6666666666666665,0.8981481481232407,0.4361480642351602,0.0,0.16357907013889939,0.10233633518218994,2.1561230288611517,2.2584593640433415,9
sentences,50,5,0.8063205260975107,0.8619444444444445,0.9351851851851852,0.874228395019829,0.716526709284804,0.022222222222222223,0.4843090365030099,0.06170790845697575,1.8368269443511962,1.8985348528081722,90,0.3260288545942739,0.7916666666666666,0.9666666666666666,0.468333333317368,0.7410750862867455,0.35,0.6400115635983965,0.06170790845697577,1.1543559074401855,1.2160638158971615,20,0.0,0.8,1.0,0.0,0.9140446527471792,0.7,0.9666666666666666,0.061707908456975755,0.824714207649231,0.8864221161062066,10,0.8185496695985273,0.8693223443223443,0.9505494505494505,0.8686507936080253,0.7238413995487877,0.02197802197802198,0.4934645877980951,0.06170790845697575,1.7722140013516605,1.8339219098086363,91,0.5112671674661627,0.7,0.7777777777777778,0.999999999977963,0.47765463055064483,0.0,0.20178893343838877,0.06170790845697576,2.09810299343533,2.159810901892305,9
sentences,10,2,0.7503002377965697,0.8268783068783069,0.7555555555555555,0.8222222221588891,0.6325035001754421,0.022222222222222223,0.432728989506261,0.06195481473749333,1.2457433038287693,1.3076981185662626,90,0.37558120632848374,0.6871212121212121,0.7666666666666666,0.449999999965,0.653736700113697,0.25,0.518470152879644,0.061954814737493334,0.827665650844574,0.8896204655820673,20,0.1707349708772178,0.7,0.8,0.0,0.8103375922847702,0.5,0.7666666666666666,0.061954814737493334,0.7475322246551513,0.8094870393926448,10,0.7553831010280594,0.8159602302459444,0.7875457875457876,0.8131868131230771,0.6290107524949949,0.02197802197802198,0.4335189212490186,0.06195481473749333,1.1884020868238512,1.2503569015613447,91,0.5101592917705945,0.7676767676767677,0.4074074074074074,0.9999999999333333,0.5174105131301654,0.0,0.24423595698100073,0.06195481473749334,1.4500331348843045,1.511987949621798,9
words,500,5,0.7380069260052952,0.8279026217228465,0.9550561797752809,0.8714263420259998,0.6631205962738295,0.022222222222222223,0.46108734244889277,0.11103976423090152,1.6120087226231894,1.723048486854091,90,0.37049167608618006,0.7208333333333333,0.8333333333333333,0.42194444442218515,0.6672829813411633,0.3,0.5646086848184233,0.11103976423090153,1.1481567859649657,1.2591965501958675,20,0.17596152403526116,0.65,0.8,0.0,0.7501374851403761,0.6,0.7861111111111111,0.11103976423090153,0.9226860761642456,1.0337258403951473,10,0.7527074850470407,0.8335185185185187,0.9759259259259261,0.8652006172362361,0.6745311843765993,0.02197802197802198,0.47331950348888313,0.1110397642309015,1.5541898837456336,1.6652296479765352,91,0.3987956712898438,0.7314814814814815,0.6481481481481481,0.9030864197218261,0.46157902776626625,0.0,0.20631650979659366,0.11103976423090155,1.931753396987915,2.0427931612188166,9
paragraphs,10,15,0.7471157145561558,0.7994444444444445,0.9407407407407408,0.750078216852394,0.6369155580131799,0.03333333333333333,0.45074959140643645,0.15279621644453573,2.111130510436164,2.2639267268806993,90,0.37794391541635936,0.6541666666666666,0.8333333333333333,0.3844286114972398,0.6883115569438111,0.3,0.5439449193708382,0.15279621644453567,1.5218872427940369,1.6746834592385724,20,0.18180241335402586,0.6,0.7,0.0,0.8100294945650525,0.6,0.7851851851851851,0.15279621644453573,1.0746612310409547,1.2274574474854902,10,0.7713951840062209,0.8089743589743591,0.9560439560439561,0.7477150437122987,0.654539548873008,0.03296703296703297,0.46629556971989294,0.15279621644453573,2.128390288614965,2.2811865050595,91,0.30936741558609376,0.6018518518518517,0.8148148148148148,0.7948380854267827,0.3805819407742421,0.0,0.1290681019593244,0.1527962164445357,1.7788180245293512,1.9316142409738868,9
paragraphs,5,2,0.7108056495851055,0.8028046336379671,0.7412037037037038,0.811111111048889,0.6087969418784974,0.0,0.4092716492170824,0.06348946528001265,1.0802421119478014,1.143731577227814,90,0.27902002468000114,0.725,0.7166666666666666,0.374999999975,0.5646405685150963,0.25,0.508952000651471,0.06348946528001265,0.9933207035064697,1.0568101687864826,20,0.18189258136039857,0.7,0.8,0.0,0.7451311220413706,0.5,0.7735632183908046,0.06348946528001265,1.255628275871277,1.3191177411512893,10,0.6937229479148145,0.8026168276168276,0.7586996336996338,0.7857142856527474,0.6072104292934275,0.0,0.4131955700885677,0.06348946528001263,1.0432673967801607,1.1067568620601733,91,0.5116883202674906,0.746031746031746,0.4444444444444444,0.9999999999444444,0.3752306503612316,0.0,0.18633993117768102,0.06348946528001265,1.0660653644137912,1.1295548296938036,9
paragraphs,10,2,0.6998954831341879,0.7961111111111112,0.7726851851851853,0.7944444443850002,0.6306571359511113,0.011111111111111112,0.4099851090033215,0.06165515292774547,1.1312670124901665,1.1929221654179116,90,0.27771547048311707,0.6833333333333333,0.8666666666666666,0.42499999997,0.6341328034103496,0.35,0.5678781948124075,0.06165515292774546,0.9497156739234924,1.011370826851238,20,0.08197994819063294,0.75,1.0,0.0,0.8398375989552642,0.7,0.8777777777777779,0.06165515292774547,1.1659268140792847,1.2275819670070303,10,0.7142597626768574,0.7891941391941392,0.7934981684981686,0.7802197801598902,0.6334013131481265,0.01098901098901099,0.42000185332720796,0.06165515292774546,1.1046660496638372,1.1663212025915821,91,0.303051667359876,0.6666666666666666,0.5185185185185185,0.9999999999444444,0.3782114241972057,0.0,0.13980858622148662,0.06165515292774547,0.9582739935980903,1.0199291465258358,9
sentences,10,25,0.8084103941718537,0.8324603174603176,0.9564814814814816,0.7358872486155476,0.6884937608271657,0.022222222222222223,0.4931862473108114,0.08531688776883214,2.266023802757263,2.351340690526096,90,0.3303960167157095,0.7083333333333334,0.9333333333333332,0.3728491658345586,0.7406711781035774,0.25,0.6060499062671603,0.08531688776883213,1.8728869795799254,1.958203867348758,20,0.08875325762129146,0.65,0.9,0.0,0.8496272026958472,0.5,0.8555555555555555,0.08531688776883213,0.978580904006958,1.06389779177579,10,0.8202832695250708,0.8434589220303507,0.9597069597069599,0.7361094438951028,0.6995609684901486,0.02197802197802198,0.5065948411697583,0.08531688776883214,2.276070859406021,2.3613877471748537,91,0.42572730075407245,0.6481481481481483,0.9351851851851851,0.7445418108484564,0.5135046529949416,0.0,0.20578603125696396,0.08531688776883212,2.7212916215260825,2.806608509294915,9
sentences,100,10,0.7845946672937208,0.8303276353276355,0.9672222222222222,0.8440681846417748,0.7037646371097135,0.03333333333333333,0.47838350946037655,0.08577125505967574,2.058329388830397,2.1441006438900727,90,0.32591883740310346,0.7666666666666666,0.9333333333333332,0.44166666664524995,0.706858486068868,0.25,0.5751593254334055,0.08577125505967573,1.0669322729110717,1.1527035279707476,20,0.08875121582057036,0.8,0.9,0.0,0.9021272026958472,0.5,0.8555555555555555,0.08577125505967574,0.8029671669006347,0.8887384219603106,10,0.7986443379369816,0.8303606649760495,0.9703296703296703,0.8384557137461325,0.6989965045133971,0.03296703296703297,0.4849451819210216,0.08577125505967576,1.9856837031605479,2.071454958220224,91,0.3964166548917681,0.7222222222222222,0.9351851851851851,0.9444444444185185,0.5384481248415517,0.0,0.20801502774816372,0.08577125505967574,1.9846001995934381,2.070371454653114,9
paragraphs,15,10,0.8034001319262409,0.8550101750101751,0.9314814814814816,0.7838360557834423,0.7181281834003499,0.022222222222222223,0.4763346320913475,0.10754497051239009,2.1601294888390434,2.267674459351433,90,0.41366414148858366,0.6666666666666666,0.8833333333333332,0.4426332199340589,0.777853924489208,0.25,0.6295881858552966,0.10754497051239013,1.164659810066223,1.2722047805786132,20,0.08198171325592626,0.7,0.8,0.0,0.8791670124199019,0.5,0.8555555555555555,0.10754497051239013,1.0310742855072021,1.1386192560195922,10,0.8254930952572351,0.8471843175139878,0.9432234432234433,0.7912528759570505,0.7270063977842244,0.02197802197802198,0.494560895226051,0.10754497051239009,2.1265289835877472,2.2340739541001366,91,0.5155117669073003,0.6878306878306879,0.8518518518518517,0.8215441896777126,0.5821514081391349,0.0,0.21125373157788938,0.10754497051239013,1.5422188705868192,1.6497638410992093,9
paragraphs,10,5,0.7511027961826944,0.8033401166734501,0.8578703703703705,0.7957870369953123,0.6488934261705468,0.022222222222222223,0.439168078481968,0.0697639833797108,1.3347933027479384,1.4045572861276494,90,0.40636034668451737,0.7333333333333333,0.85,0.42277777775653236,0.6077242575597944,0.3,0.510799069359769,0.0697639833797108,1.0274867177009583,1.0972507010806694,20,0.25214801159785405,0.65,0.8,0.0,0.6388223001669247,0.6,0.6888888888888889,0.0697639833797108,1.143509531021118,1.213273514400829,10,0.7656673403280787,0.8128272216184305,0.8923992673992674,0.7825244199820801,0.674357212862976,0.02197802197802198,0.4546616156843486,0.0697639833797108,1.3017345129788578,1.3714984963585686,91,0.39213894492212664,0.7222222222222222,0.5555555555555556,0.9851851851488271,0.31112934826055844,0.0,0.16422361493420923,0.0697639833797108,1.1986884011162653,1.268452384495976,9
words,300,5,0.782049176949501,0.8373728123728125,0.9175925925925927,0.8137808641526098,0.6967971944383499,0.022222222222222223,0.48590065269787847,0.06816454367204146,1.3505200571484035,1.418684600820445,90,0.37492089371993875,0.6399999999999999,0.9666666666666666,0.4263194444245341,0.613763379442711,0.25,0.5291286417907627,0.06816454367204147,0.824161946773529,0.8923264904455704,20,0.1797130768013828,0.5666666666666667,1.0,0.0,0.7296793407042539,0.5,0.775,0.06816454367204147,0.8225797891616822,0.8907443328337237,10,0.795153533412236,0.8375457875457876,0.9432234432234433,0.8078754578304365,0.6946664977424227,0.02197802197802198,0.49506049571605126,0.06816454367204146,1.3108952936235365,1.379059837295578,91,0.4140823879251736,0.6978021978021978,0.6759259259259259,0.916666666628426,0.49728559852252185,0.0,0.16812516316262768,0.06816454367204146,1.168086051940918,1.2362505956129595,9
paragraphs,1,10,0.7251739985239297,0.8459259259259259,0.8574074074074073,0.6685174949283961,0.6514213251520568,0.011111111111111112,0.427846900510924,0.07152746373956852,1.2303414079878066,1.3018688717273752,90,0.4207709428839288,0.6625,0.75,0.33916170632912596,0.6662228831730239,0.3,0.5376249555168583,0.07152746373956856,0.6944610834121704,0.7659885471517391,20,0.17848401471289657,0.55,0.7,0.0,0.7977219926666861,0.6,0.7857777777777778,0.07152746373956853,0.7583101749420166,0.8298376386815851,10,0.7496564998828438,0.8531135531135531,0.8772893772893773,0.6597953420952682,0.6544708922669265,0.01098901098901099,0.4335710754633094,0.07152746373956852,1.131486693581382,1.2030141573209507,91,0.40861078759605485,0.6944444444444444,0.5925925925925926,0.7676036154965287,0.4909228671320466,0.0,0.21621939015348646,0.07152746373956853,1.563506391313341,1.6350338550529093,9
paragraphs,5,5,0.8303346854488594,0.8281358024691359,0.8921296296296297,0.8055709876079212,0.6966021738904735,0.011111111111111112,0.4710761887589827,0.04736792607740922,1.2882545974519517,1.3356225235293613,90,0.33161441827050936,0.7,0.85,0.39666666664557637,0.680590995844621,0.35,0.594992418784469,0.04736792607740923,0.7128178238868713,0.7601857499642808,20,0.09013759300459384,0.6,0.8,0.0,0.8548110935820276,0.7,0.8854700854700855,0.04736792607740923,0.7751214265823364,0.8224893526597457,10,0.8339297533993867,0.8312454212454213,0.9107142857142857,0.7886141635668066,0.6999997937961757,0.01098901098901099,0.48188911992191247,0.04736792607740922,1.2287075309963016,1.2760754570737112,91,0.5081585073797101,0.7654320987654322,0.7129629629629629,0.9634259258938928,0.4508803773069747,0.0,0.17667717737810362,0.04736792607740922,1.1817411846584744,1.2291091107358838,9
pages,1,10,0.8241425748385455,0.88496151996152,0.9481481481481483,0.7888271639571308,0.692691982103576,0.0,0.47876915968250133,0.1623417659239335,1.7766063027911716,1.9389480687151055,90,0.36643035587851097,0.65,0.9333333333333332,0.43653472219999967,0.6617386231005498,0.15,0.5254642921183068,0.16234176592393357,1.0588475346565247,1.2211893005804584,20,0.17070694273808057,0.6,0.9,0.0,0.782280278382343,0.3,0.7444444444444445,0.1623417659239335,1.1063141584396363,1.26865592436357,10,0.8468554537541743,0.890346558203701,0.9597069597069599,0.790511993322302,0.7059369936964285,0.0,0.49160423331667574,0.1623417659239335,1.7208303200019586,1.8831720859258925,91,0.303391459336517,0.625,0.8518518518518517,0.8653942008680321,0.39044240457049056,0.0,0.15756450416992382,0.16234176592393354,1.4903130266401503,1.652654792564084,9
words,300,2,0.7415137560187153,0.8630952380952379,0.8166666666666667,0.8333333332711111,0.6619629518491795,0.022222222222222223,0.4333283660076029,0.058808790553699836,1.3282701280381946,1.3870789185918941,90,0.3641433695353982,0.6833333333333333,0.7666666666666666,0.42499999997250004,0.6262038583134479,0.3,0.5442693674072049,0.05880879055369984,0.7913118720054626,0.8501206625591626,20,0.17044615182561182,0.65,0.8,0.0,0.727766086229719,0.6,0.7777777777777779,0.05880879055369984,0.829335379600525,0.8881441701542248,10,0.7448024128507691,0.8591051805337518,0.8333333333333335,0.8241758241137364,0.6636012012480417,0.02197802197802198,0.44102152353935636,0.058808790553699836,1.244638503252805,1.303447293806505,91,0.5041804827462469,0.7407407407407407,0.5555555555555556,0.9444444443888889,0.49281918409179326,0.0,0.21935598544101695,0.05880879055369984,1.5350101523929172,1.593818942946617,9
pages,1,15,0.7949244815254027,0.8446115921115922,0.9481481481481483,0.7430235884712797,0.6935697151916327,0.0,0.47310571663774836,0.09237902814691719,2.045396333270603,2.13777536141752,90,0.3656309936825396,0.725,0.9333333333333332,0.4381960955487717,0.7029980205934918,0.15,0.5289233867743433,0.09237902814691719,1.2511701107025146,1.343549138849432,20,0.17433870140140115,0.65,0.9,0.0,0.8562040605598128,0.3,0.75,0.09237902814691719,1.171086311340332,1.263465339487249,10,0.7960214085052884,0.8421982779125636,0.9597069597069599,0.7495037320084191,0.693200485005946,0.0,0.48069047654501385,0.09237902814691719,1.986200015623491,2.078579043770408,91,0.5193875581046421,0.8194444444444444,0.8518518518518517,0.8256894734027199,0.5375500042197285,0.0,0.21279431858755068,0.09237902814691717,1.8504452970292833,1.9428243251762005,9
pages,1,1,0.5228080477677289,0.7240740740740741,0.6055555555555555,0.7111111110399999,0.5178587861458139,0.011111111111111112,0.3141149957365276,0.05406421097842131,1.1041741953955757,1.1582384063739968,90,0.3347885675845138,0.7294871794871794,0.8166666666666667,0.49999999995,0.6730209042189483,0.25,0.5598747132061705,0.054064210978421304,0.6842787742614747,0.7383429852398958,20,0.0887532576212915,0.7,0.8,0.0,0.8071272026958474,0.5,0.8555555555555555,0.054064210978421304,0.670644736289978,0.7247089472683992,10,0.5410678621440955,0.7417582417582419,0.6538461538461539,0.7252747252021977,0.5340724874297821,0.01098901098901099,0.32664811411032774,0.05406421097842132,1.045547637310657,1.0996118482890782,91,0.4026430688289197,0.584045584045584,0.37037037037037035,0.8888888887999999,0.37731560604817466,0.0,0.1319233267572798,0.0540642109784213,1.2455523014068604,1.2996165123852816,9
pages,1,2,0.7254302649272228,0.8388888888888889,0.7833333333333333,0.7999999999438889,0.625985506543919,0.0,0.41517003979537487,0.0890455094250766,1.1859725051456027,1.2750180145706795,90,0.37697272715778507,0.7125,0.9,0.49999999996250005,0.6812429446369065,0.25,0.5286508591306313,0.08904550942507658,0.7377110362052918,0.8267565456303683,20,0.18542476410101544,0.6,0.9,0.0,0.8352823155014415,0.5,0.774074074074074,0.08904550942507658,0.8051992654800415,0.894244774905118,10,0.7402000470900346,0.8489010989010989,0.8150183150183149,0.8186813186225276,0.6468878497757279,0.0,0.42876864343100063,0.0890455094250766,1.142625358078506,1.2316708675035828,91,0.40174738448916125,0.7222222222222222,0.5925925925925926,0.8333333332833334,0.3048818885650218,0.0,0.13107038569272927,0.08904550942507657,1.0512051052517362,1.140250614676813,9
paragraphs,5,15,0.7741952949083806,0.8266225749559084,0.951851851851852,0.7339347632492081,0.6963435810478379,0.0,0.4518355380963702,0.08471458174965597,1.9941624879837037,2.0788770697333594,90,0.4647894983001882,0.7,0.8333333333333333,0.357786706335373,0.7430359450118742,0.3,0.5808652823993148,0.08471458174965599,1.8813467144966125,1.966061296246269,20,0.17182095595340047,0.65,0.7,0.0,0.7652123487164538,0.6,0.784920634920635,0.08471458174965599,1.9822062969207763,2.0669208786704325,10,0.7663425626217488,0.8218123146694576,0.9633699633699633,0.7285177444316491,0.702084498401453,0.0,0.45758955872683105,0.08471458174965599,1.9689422649341626,2.0536568466838188,91,0.8353315277383175,0.7901234567901234,0.8518518518518517,0.7683053417617922,0.6655364836495699,0.0,0.3102942092568488,0.08471458174965599,2.0117499033610025,2.096464485110659,9
words,500,10,0.7895093177943473,0.8010897435897435,0.9675925925925927,0.8149650607822456,0.7002084152993362,0.03333333333333333,0.4940962573747011,0.06387316313656896,1.7276107576158313,1.7914839207524003,90,0.3695058866487783,0.73,0.9333333333333332,0.42272959181745684,0.601059231213542,0.3,0.5153452652215453,0.06387316313656895,1.002375590801239,1.066248753937808,20,0.2640036018815256,0.6599999999999999,0.9,0.0,0.6889008820458699,0.6,0.6968888888888889,0.06387316313656895,0.8671101093292236,0.9309832724657925,10,0.792946216320141,0.812433079740772,0.9706959706959708,0.8125810816417186,0.7067396046971035,0.03296703296703297,0.505928797144535,0.06387316313656896,1.6774913295284732,1.7413644926650422,91,0.4053127367243056,0.6851851851851851,0.9351851851851851,0.8729520974838725,0.42640323925733203,0.0,0.19635100434582564,0.06387316313656893,1.578851991229587,1.642725154366156,9
words,300,15,0.7438871883578712,0.8236111111111111,0.9694444444444444,0.7578788836976698,0.685911120674156,0.03333333333333333,0.46434578313066005,0.09131960218602961,1.7416293462117514,1.8329489483977806,90,0.3221497394625537,0.8,0.8666666666666666,0.39179563490460545,0.748936453528736,0.35,0.6054419086272855,0.09131960218602961,1.061215305328369,1.1525349075143985,20,0.08875325762129149,0.75,0.8,0.0,0.8777641008643944,0.7,0.8777777777777779,0.09131960218602961,0.8965038776397705,0.9878234798258001,10,0.7568464395348028,0.8337912087912088,0.9725274725274725,0.7607766953363896,0.6990151419196186,0.03296703296703297,0.4782274234553349,0.09131960218602961,1.6758915775424832,1.7672111797285126,91,0.40358701861994445,0.75,0.898148148148148,0.7571481061412144,0.4803012231021697,0.0,0.1781650380102063,0.09131960218602961,1.8333083258734808,1.9246279280595102,9
sentences,10,10,0.808151026205641,0.8484567901234569,0.9296296296296297,0.7667138447598778,0.7304791885180157,0.022222222222222223,0.4827699925039387,0.06769820776852696,1.3327450858222114,1.4004432935907383,90,0.3812740185981588,0.6916666666666667,0.8833333333333332,0.37109700174420396,0.6613630194467246,0.4,0.6009076834558046,0.06769820776852693,1.0567806363105774,1.124478844079104,20,0.09524508963482156,0.65,0.8,0.0,0.8800968546657458,0.8,0.896888888888889,0.06769820776852695,0.8396812677383423,0.9073794755068694,10,0.8420182014606317,0.8537851037851037,0.9340659340659341,0.7536638757679235,0.7242515002740858,0.02197802197802198,0.4914298566316561,0.06769820776852696,1.302523033959525,1.370221241728052,91,0.30921838902279714,0.6666666666666666,0.9259259259259258,0.8714192631546724,0.4736146982174038,0.0,0.19760523912233086,0.06769820776852695,1.572917964723375,1.6406161724919022,9
paragraphs,15,15,0.7716041755701663,0.858373015873016,0.9620370370370371,0.7741657593121949,0.7136855035198505,0.011111111111111112,0.4650073712524953,0.08389509157700971,1.807781579759386,1.8916766713363953,90,0.3594168681236264,0.6583333333333333,0.9833333333333332,0.43115826301391413,0.6095454762065403,0.25,0.5342765136869665,0.08389509157700974,0.9645731210708618,1.0484682126478713,20,0.16443162586323098,0.6,1.0,0.0,0.7144779191317475,0.5,0.7666666666666666,0.08389509157700972,0.8461835384368896,0.9300786300138991,10,0.7848282890093206,0.8562663526949241,0.9652014652014653,0.7830468576665273,0.7118324543808345,0.01098901098901099,0.4712000246393192,0.08389509157700971,1.7144478100996752,1.7983429016766845,91,0.3965580672563337,0.7222222222222222,0.9351851851851851,0.7823132834135399,0.5001191445493259,0.0,0.22114719751324385,0.08389509157700972,1.9461353884802923,2.0300304800573024,9
sentences,100,15,0.7395779495711428,0.8266975308641976,0.9683333333333334,0.836055765130969,0.6894910861413375,0.011111111111111112,0.4559974125810699,0.057536706057461834,2.2805468373828464,2.3380835434403084,90,0.46179682874328976,0.8083333333333332,0.8833333333333332,0.4599999999796389,0.6715241815987283,0.3,0.5755403993913416,0.05753670605746183,1.6275837898254395,1.6851204958829016,20,0.18171431756934314,0.7,0.8,0.0,0.7302638538006033,0.6,0.7849206349206349,0.05753670605746183,0.9011552095413208,0.9586919155987825,10,0.7534963052754605,0.8432539682539683,0.9714285714285715,0.8310807933507248,0.6990851109139565,0.01098901098901099,0.4702510431213626,0.05753670605746184,2.28444796866113,2.3419846747185917,91,0.6014050089453656,0.7592592592592592,0.9351851851851851,0.9796296296071141,0.5072553059465387,0.0,0.21205820520808585,0.05753670605746183,2.322730435265435,2.3802671413228973,9
sentences,50,10,0.7297186526489124,0.832116402116402,0.9833333333333333,0.8318235036493764,0.6799300244060669,0.022222222222222223,0.47021355123764036,0.07014813639900899,2.086951266394721,2.15709940279373,90,0.4660089956936961,0.6878787878787879,0.9333333333333332,0.45999999998434815,0.7076351893256299,0.2,0.5632562139209842,0.07014813639900902,1.3136808037757874,1.3838289401747965,20,0.1796258554740391,0.65,0.9,0.0,0.7445625717340663,0.4,0.763888888888889,0.07014813639900899,0.964851188659668,1.034999325058677,10,0.7532415061732621,0.8339612768184196,0.9835164835164835,0.8274613885715661,0.6928053925414008,0.02197802197802198,0.4802450165458147,0.07014813639900899,2.0178047195895688,2.087952855988578,91,0.517069226196533,0.6952861952861953,0.9629629629629629,0.9739032186798126,0.5394988382722752,0.0,0.2492398328054769,0.070148136399009,2.3144987424214682,2.3846468788204773,9
words,50,10,0.7344278985560776,0.8546464646464647,0.8337037037037037,0.7414566693609815,0.5877785701233031,0.011111111111111112,0.40838286819555925,0.0560081113468517,1.3573982106314766,1.4134063219783284,90,0.4276381478841693,0.7125,0.8666666666666666,0.3850992063327892,0.7086995495883154,0.4,0.6080817988632552,0.056008111346851706,0.9011989712715149,0.9572070826183665,20,0.08869625091367915,0.7,0.9,0.0,0.8655825149962993,0.8,0.888888888888889,0.0560081113468517,0.824446153640747,0.8804542649875987,10,0.7501650831134798,0.8480019980019979,0.8479853479853481,0.7422956120426579,0.5957247129606907,0.01098901098901099,0.4158759471685475,0.056008111346851706,1.3058888938400772,1.361897005186929,91,0.6110320839185448,0.7777777777777778,0.6888888888888888,0.7649092970291386,0.4674764748308598,0.0,0.24249933707096993,0.0560081113468517,1.456607500712077,1.512615612058929,9
paragraphs,10,10,0.7562698926276258,0.8448765432098766,0.9444444444444444,0.756582612433915,0.6799039249296275,0.022222222222222223,0.42938202758723726,0.07472414536909623,2.5410082605150013,2.615732405884097,90,0.4708039679222315,0.7566666666666666,0.9333333333333332,0.386780753952643,0.708147723762469,0.2,0.5436589221691821,0.07472414536909625,1.7555392146110536,1.8302633599801497,20,0.17961424078404545,0.7,0.9,0.0,0.789632963375716,0.4,0.7635555555555555,0.07472414536909623,1.4737233161926269,1.548447461561723,10,0.7707033511718283,0.842002442002442,0.9560439560439561,0.7490697998413071,0.6863978634929709,0.02197802197802198,0.4344257788659973,0.07472414536909622,2.4735177951854666,2.548241940554562,91,0.6166913700504573,0.8388888888888889,0.8518518518518517,0.8514109347273641,0.55508583414426,0.0,0.2610288326526319,0.07472414536909623,2.663797246085273,2.738521391454369,9
sentences,100,2,0.694281980206927,0.8397089947089946,0.8722222222222222,0.8499999999405556,0.6560900097381563,0.044444444444444446,0.4161991076356611,0.06811441074718129,1.510656115743849,1.5787705264910301,90,0.37598144207854245,0.725,0.9,0.424999999975,0.6951363447392755,0.3,0.6015327504004692,0.0681144107471813,1.0336088180541991,1.1017232288013805,20,0.09226074069646865,0.65,0.9,0.0,0.8544931907218464,0.6,0.8666666666666666,0.06811441074718129,0.8592996835708618,0.9274140943180431,10,0.7191014289533912,0.8487964416535845,0.8882783882783883,0.8406593406000001,0.6624332658962893,0.04395604395604396,0.4285367437827169,0.06811441074718129,1.4384051600655356,1.5065195708127166,91,0.40490773538566566,0.7037037037037037,0.7407407407407407,0.9444444443944443,0.45827429638208744,0.0,0.20278492714721957,0.06811441074718129,1.904817819595337,1.9729322303425185,9
paragraphs,15,5,0.7571457606172252,0.847163087457205,0.8981481481481483,0.7974074073645356,0.6398454529681293,0.011111111111111112,0.4406146881512532,0.09192884618585757,1.9698340574900308,2.0617629036758887,90,0.3711453541596229,0.7166666666666666,0.9,0.4752777777525393,0.7135659292980884,0.4,0.6208699943163433,0.0919288461858576,1.1838827729225159,1.2758116191083737,20,0.08197009856593261,0.7,0.9,0.0,0.8326251380009403,0.8,0.888888888888889,0.0919288461858576,1.2444290161132812,1.336357862299139,10,0.771799142148981,0.8458206359466862,0.9212454212454213,0.7971306470859214,0.6534158704145947,0.01098901098901099,0.4522451615425738,0.09192884618585756,1.885087476981865,1.977016323167723,91,0.5014002908362352,0.7342592592592592,0.6666666666666665,0.970370370337793,0.45225708503954287,0.0,0.22550258118628255,0.0919288461858576,1.8861633406745062,1.978092186860364,9
sentences,50,15,0.7117525976394525,0.8320987654320989,0.9833333333333333,0.8212348981093393,0.6587654599841805,0.022222222222222223,0.4632070299018992,0.05740832632238214,2.244027286105686,2.301435612428068,90,0.5048761763227659,0.625,0.8833333333333332,0.4683333333180982,0.7235754974954908,0.25,0.5752123340324827,0.057408326322382144,1.4829419255256653,1.5403502518480472,20,0.18112675781408472,0.55,0.8,0.0,0.8556513638870655,0.5,0.7743589743589745,0.057408326322382144,0.9034911632537842,0.9608994895761661,10,0.7243891467179656,0.8241758241758241,0.9835164835164835,0.8169419662589028,0.6608717170058181,0.02197802197802198,0.4687340538721575,0.05740832632238214,2.1417156418601233,2.1991239681825054,91,0.713841931614481,0.7654320987654322,0.9629629629629629,0.9924217371991025,0.5774041476086135,0.0,0.31049896954050066,0.057408326322382144,3.0766954686906605,3.134103795013042,9
paragraphs,1,2,0.5937566988146549,0.7640398381574853,0.6305555555555555,0.7333333332722223,0.5460632971812742,0.022222222222222223,0.3486136839929762,0.0644125374880704,0.9715139892366197,1.0359265267246902,90,0.4269937523755708,0.6791666666666666,0.7,0.3999999999625,0.640046957600825,0.3,0.542701845411821,0.0644125374880704,0.9883343935012817,1.0527469309893522,20,0.1818518140717818,0.6,0.8,0.0,0.7527679926809323,0.6,0.7846743295019157,0.0644125374880704,1.2113761186599732,1.2757886561480436,10,0.6196953351596027,0.7757903161264507,0.6529304029304029,0.7362637362000001,0.5584886227161396,0.02197802197802198,0.35997180778724663,0.06441253748807038,0.9564691899896978,1.0208817274777682,91,0.41857603339874366,0.6388888888888888,0.37037037037037035,0.7777777777277778,0.39961014492812774,0.0,0.1805656293272971,0.0644125374880704,0.8944988250732422,0.9589113625613126,9
words,300,10,0.8042248432188207,0.8072582972582972,0.9555555555555556,0.7843153501779891,0.7050773956122772,0.011111111111111112,0.48630517394626227,0.05698559067466043,1.4401980426576402,1.4971836333323005,90,0.23422773540365255,0.7833333333333333,0.8666666666666666,0.3937996031579899,0.7165233106182407,0.35,0.6396185362161323,0.056985590674660414,0.8353509902954102,0.8923365809700705,20,0.0,0.8,0.8,0.0,0.924044824862591,0.7,0.9666666666666666,0.05698559067466043,0.7588688850402832,0.8158544757149435,10,0.7975768168432287,0.8020503306217592,0.9706959706959708,0.7832216988983517,0.7028090169469768,0.01098901098901099,0.49268962707542574,0.05698559067466043,1.3643197672707694,1.4213053579454296,91,0.4983666961147898,0.8148148148148149,0.7777777777777778,0.7990221088254227,0.5101514474076622,0.0,0.2287126276617599,0.05698559067466042,1.6203395525614421,1.6773251432361025,9
words,500,15,0.7752002889474907,0.8339652014652015,0.9777777777777777,0.8041455440228817,0.6834083124735444,0.011111111111111112,0.46547455466818755,0.06503953716971655,1.9681640572018093,2.0332035943715265,90,0.322200647048782,0.6316666666666666,0.8333333333333333,0.41877294000338594,0.6242027160141617,0.25,0.511185330103668,0.06503953716971657,0.9785752058029175,1.0436147429726343,20,0.17976445591503268,0.65,0.7,0.0,0.7499164029554743,0.5,0.7746666666666666,0.06503953716971657,0.8261122465133667,0.8911517836830833,10,0.7679868894647432,0.8188483677494667,0.9835164835164835,0.8048089652071625,0.6775446834184994,0.01098901098901099,0.4626984474606674,0.06503953716971655,1.8713992951990484,1.9364388323687651,91,0.5030652717564268,0.7416666666666667,0.9074074074074073,0.8345491031416978,0.5372302469182262,0.0,0.25157679295809204,0.06503953716971657,2.0164234373304577,2.0814629745001745,9
sentences,10,15,0.8299411208550657,0.8537796771130104,0.95,0.7648540730176268,0.734670774795669,0.022222222222222223,0.5022155281057248,0.06521523649042303,1.5972570048438177,1.662472241334241,90,0.4220899177947032,0.75,0.8833333333333332,0.35477781406442926,0.7238000970592317,0.3,0.6199298889613487,0.06521523649042303,1.5706659436225892,1.6358811801130124,20,0.09226074069646865,0.65,0.8,0.0,0.8148502223479523,0.6,0.8666666666666666,0.06521523649042303,0.7783170938491821,0.8435323303396052,10,0.8308460596970504,0.8443974828590213,0.9560439560439561,0.7569789928493178,0.7242807055544696,0.02197802197802198,0.5065450610340395,0.06521523649042303,1.620099581204928,1.685314817695351,91,0.734100043717078,0.9444444444444444,0.9074074074074073,0.8277261869302193,0.7264805826509557,0.0,0.31508089866421557,0.06521523649042303,2.2171351644727917,2.282350400963215,9
words,50,2,0.6760005523302528,0.7707407407407406,0.6749074074074073,0.8388888888211113,0.5895406085950604,0.011111111111111112,0.37299360921548147,0.05865400054238059,1.165713651974996,1.2243676525173766,90,0.28849545373259644,0.7416666666666666,0.8916666666666666,0.42499999996749993,0.6663476528335428,0.25,0.5466000132742062,0.05865400054238059,0.8207122087478638,0.8793662092902442,20,0.09226074069646865,0.7,1.0,0.0,0.8268342950403774,0.5,0.8555555555555555,0.05865400054238059,0.8117199420928956,0.8703739426352761,10,0.6905788389354419,0.7714285714285715,0.7147435897435898,0.8296703296032968,0.5961576897083101,0.01098901098901099,0.3805661565965997,0.0586540005423806,1.1085856773041107,1.1672396778464913,91,0.31607522603164123,0.7777777777777778,0.3925925925925926,0.9444444443722221,0.4296572351518118,0.0,0.14603880989237006,0.0586540005423806,1.3699974219004314,1.4286514224428122,9
paragraphs,1,5,0.7131261233587499,0.8183982683982685,0.7763888888888889,0.7150462962530026,0.6443118779372653,0.011111111111111112,0.40882808273738874,0.09327183636752044,1.1370099279615613,1.230281764329082,90,0.4261151090608439,0.7059523809523809,0.7833333333333333,0.441944444407838,0.6743197592377823,0.15,0.5194822403546241,0.09327183636752043,0.968489122390747,1.0617609587582675,20,0.17976445591503265,0.65,0.8,0.0,0.7941931109418208,0.3,0.7527777777777778,0.09327183636752043,0.7908728122711182,0.8841446486386385,10,0.7180103659843076,0.8222253936539651,0.8044871794871796,0.7165293039825119,0.6425513897871461,0.01098901098901099,0.41344949557554683,0.09327183636752044,1.0570566863804074,1.1503285227479279,91,0.618562824420229,0.716931216931217,0.48148148148148145,0.8876543209464918,0.5622618465623359,0.0,0.2258322642561036,0.09327183636752041,1.955532153447469,2.04880398981499,9
paragraphs,5,10,0.8021336041278161,0.8990608465608466,0.9518518518518517,0.7449515655683001,0.7227021890091079,0.022222222222222223,0.47767429791073546,0.07564689029346815,1.5335434065924751,1.609190296885943,90,0.4218481147450771,0.75,0.8833333333333332,0.3485317460176333,0.6363646173276409,0.25,0.5607409079734051,0.07564689029346813,0.7565277457237244,0.8321746360171925,20,0.18167947349936214,0.7,0.8,0.0,0.7248934089263057,0.5,0.7743589743589745,0.07564689029346813,0.7122420787811279,0.787888969074596,10,0.815491432801083,0.9005363683935114,0.9633699633699633,0.7323374109130226,0.7282159593574548,0.02197802197802198,0.4859795247270597,0.07564689029346815,1.4649492358113383,1.540596126104806,91,0.511385727390312,0.7740740740740741,0.8518518518518517,0.8192857142682907,0.47265588517567697,0.0,0.24864205307579043,0.07564689029346813,1.4129622512393527,1.4886091415328209,9
paragraphs,15,2,0.6719456100488606,0.7918915343915345,0.7777777777777778,0.7999999999388889,0.5924097436542011,0.0,0.3957515723464355,0.056267753514376545,1.244706752565172,1.3009745060795483,90,0.36281833418793985,0.73,0.8333333333333333,0.49999999996,0.6520959114884965,0.25,0.5207676471622693,0.05626775351437655,0.7800852060317993,0.836352959546176,20,0.17152837915001182,0.75,0.8,0.0,0.7955402046771303,0.5,0.7666666666666666,0.05626775351437655,0.818905234336853,0.8751729878512297,10,0.6745289442793911,0.7966902145473574,0.7985347985347986,0.8021978021346156,0.6051465971337644,0.0,0.40255949094296206,0.05626775351437654,1.165833177147331,1.2221009306617072,91,0.5148948741368374,0.6523809523809523,0.6666666666666666,0.999999999938889,0.3705614191893518,0.0,0.19260156799426242,0.05626775351437655,1.4828267097473145,1.5390944632616912,9
sentences,100,5,0.7509315998604607,0.7977160493827161,0.9583333333333334,0.8551080246490833,0.6853345095691786,0.011111111111111112,0.45818740100598665,0.063837346163663,2.239065268304613,2.302902614468276,90,0.36926954039766846,0.6995238095238095,0.8333333333333333,0.4599999999796389,0.7110136011976453,0.3,0.5991300366083262,0.063837346163663,1.253954780101776,1.317792126265439,20,0.09226074069646865,0.65,0.7,0.0,0.8919942514455605,0.6,0.8666666666666666,0.063837346163663,0.8499719858169555,0.9138093319806184,10,0.7842413265197504,0.8075266003837431,0.9615384615384616,0.8499236873796291,0.6894661022041921,0.01098901098901099,0.4726570367351772,0.06383734616366302,2.1878247130048143,2.2516620591684773,91,0.2978518527925397,0.6444444444444444,0.9351851851851851,0.9796296296071141,0.47100223001576563,0.0,0.17122331257083664,0.063837346163663,2.1114667786492243,2.1753041248128877,9
